coordinate_mean,exact_fraction,exact_in_wilson95,exact_probability,n,observed_probability,successes,threshold,trials,wilson95_high,wilson95_low,z_score
1,1/2,True,0.5,1,0.5048,15144,2,30000,0.5104566912321579,0.49914207965840535,1.6627687752661313
1,4/9,True,0.4444444444444444,2,0.4455,13365,3,30000,0.4511308393481856,0.439883116165212,0.36793341788971573
1,27/64,True,0.421875,3,0.4191,12573,4,30000,0.4246933873523042,0.4135273282629959,-0.9732420048477247
1,3125/7776,True,0.4018775720164609,5,0.4049,12147,6,30000,0.41046647885558835,0.3993578728751291,1.0677624900577647
1,16777216/43046721,False,0.38974434312894585,8,0.38253333333333334,11476,9,30000,0.38804761300032914,0.3770491327056114,-2.5610077677916947
1,302875106592253/793714773254144,True,0.3815918725444634,13,0.3833666666666667,11501,14,30000,0.38888310982678964,0.3778800891587627,0.6328072652923956
1,5842587018385982521381124421/15519448971100888972574851072,True,0.3764687154334921,21,0.37766666666666665,11330,22,30000,0.3831679691023049,0.3721966894507036,0.4282587016913126
1,11756638905368616011414050501310355554617941909569536/31500214267261391312908183811814524233341217041015625,True,0.3732240931956915,34,0.37073333333333336,11122,35,30000,0.3762151311164669,0.36528463615017265,-0.8919725785048106
1,524744532468751923546122657597368049278513737089035272057324643668607677682302892208099365234375/1413648658336838689425757250322558119141468666297262325417185766401503043287576967313439143755776,True,0.37119869167924313,55,0.3713666666666667,11141,56,30000,0.37685029599546005,0.3659159757636843,0.06022063184050137
1,313119843606264301926053344163576361349265045995115651405929697601914062309331717222037671868698420619053704956499930323034173850662765737986672484408801585719796136592384409/846414978287404359325441419117950686115831126693279963600017397166190414922589311328900000000000000000000000000000000000000000000000000000000000000000000000000000000000000000,True,0.3699365578806463,89,0.3725,11175,90,30000,0.3779868817357612,0.36704576648365494,0.9196622854431746
1,1/2,True,0.5,1,0.504,15120,2,30000,0.5096568733093904,0.49834210243274557,1.385640646055103
1,4/9,True,0.4444444444444444,2,0.44343333333333335,13303,3,30000,0.44906182419263463,0.43781932718732597,-0.35244148450486196
1,27/64,True,0.421875,3,0.424,12720,4,30000,0.4296015672458792,0.4184178936535375,0.7452754091176155
1,3125/7776,True,0.4018775720164609,5,0.40513333333333335,12154,6,30000,0.41070029310000894,0.39959066554899986,1.1501944230501855
1,16777216/43046721,True,0.38974434312894585,8,0.3900666666666667,11702,9,30000,0.3955998850500931,0.3845615983035369,0.11447399285844641
1,302875106592253/793714773254144,True,0.3815918725444634,13,0.3858333333333333,11575,14,30000,0.3913560803583963,0.3803398203348064,1.5123034097710815
1,5842587018385982521381124421/15519448971100888972574851072,True,0.3764687154334921,21,0.3758666666666667,11276,22,30000,0.38136302060481725,0.3704020988642301,-0.2152279793161925
1,11756638905368616011414050501310355554617941909569536/31500214267261391312908183811814524233341217041015625,True,0.3732240931956915,34,0.3749,11247,35,30000,0.38039366313922796,0.3694383705254699,0.6001634024074699
1,524744532468751923546122657597368049278513737089035272057324643668607677682302892208099365234375/1413648658336838689425757250322558119141468666297262325417185766401503043287576967313439143755776,True,0.37119869167924313,55,0.3695333333333333,11086,56,30000,0.3750116331994551,0.36408844134454366,-0.5970468185162794
1,313119843606264301926053344163576361349265045995115651405929697601914062309331717222037671868698420619053704956499930323034173850662765737986672484408801585719796136592384409/846414978287404359325441419117950686115831126693279963600017397166190414922589311328900000000000000000000000000000000000000000000000000000000000000000000000000000000000000000,True,0.3699365578806463,89,0.3708666666666667,11126,90,30000,0.37634885087471026,0.3654175489166671,0.3336864778042864
1,1/2,True,0.5,1,0.49746666666666667,14924,2,30000,0.503124484865979,0.49180949716400146,-0.8775724091682306
1,4/9,True,0.4444444444444444,2,0.4434666666666667,13304,3,30000,0.4490951961862238,0.43785261332492126,-0.340822534466241
1,27/64,True,0.421875,3,0.4242666666666667,12728,4,30000,0.4298686629092143,0.4186840630396782,0.8388001663402279
1,3125/7776,True,0.4018775720164609,5,0.4010666666666667,12032,6,30000,0.406625058183451,0.39553360846105284,-0.2864764091032465
1,16777216/43046721,True,0.38974434312894585,8,0.3920666666666667,11762,9,30000,0.3976046800643763,0.38655629116032164,0.8247788850664488
1,302875106592253/793714773254144,True,0.3815918725444634,13,0.3849666666666667,11549,14,30000,0.39048721584791074,0.37947557343449595,1.2032912509001998
1,5842587018385982521381124421/15519448971100888972574851072,True,0.3764687154334921,21,0.3741,11223,22,30000,0.37959141865473844,0.3686408198615322,-0.846798240305061
1,11756638905368616011414050501310355554617941909569536/31500214267261391312908183811814524233341217041015625,True,0.3732240931956915,34,0.3747666666666667,11243,35,30000,0.3802599568337475,0.3693054443062124,0.552415051018282
1,524744532468751923546122657597368049278513737089035272057324643668607677682302892208099365234375/1413648658336838689425757250322558119141468666297262325417185766401503043287576967313439143755776,True,0.37119869167924313,55,0.3735,11205,56,30000,0.3789897248079669,0.3680426673469833,0.8250409377101969
1,313119843606264301926053344163576361349265045995115651405929697601914062309331717222037671868698420619053704956499930323034173850662765737986672484408801585719796136592384409/846414978287404359325441419117950686115831126693279963600017397166190414922589311328900000000000000000000000000000000000000000000000000000000000000000000000000000000000000000,True,0.3699365578806463,89,0.36923333333333336,11077,90,30000,0.3747107530639508,0.3637893982993878,-0.2522893298346018
1,1/2,True,0.5,1,0.5005,15015,2,30000,0.5061574996156276,0.4948423723521393,0.17320508075686863
1,4/9,True,0.4444444444444444,2,0.44556666666666667,13367,3,30000,0.45119758013366695,0.4399496916420995,0.39117131796695764
1,27/64,True,0.421875,3,0.41856666666666664,12557,4,30000,0.42415912962382374,0.41299505589252494,-1.1602915192929302
1,3125/7776,True,0.4018775720164609,5,0.40586666666666665,12176,6,30000,0.41143512939635346,0.40032230813871356,1.409266212454894
1,16777216/43046721,True,0.38974434312894585,8,0.3884,11652,9,30000,0.39392914807643337,0.3828994287179734,-0.47744675064821573
1,302875106592253/793714773254144,True,0.3815918725444634,13,0.3842333333333333,11527,14,30000,0.38975200839865676,0.3787443019976916,0.9418194241632772
1,5842587018385982521381124421/15519448971100888972574851072,True,0.3764687154334921,21,0.37546666666666667,11264,22,30000,0.3809619099939974,0.3700033119008363,-0.3582250195400891
1,11756638905368616011414050501310355554617941909569536/31500214267261391312908183811814524233341217041015625,True,0.3732240931956915,34,0.3713,11139,35,30000,0.3767834370083317,0.3658495184884437,-0.6890420851007422
1,524744532468751923546122657597368049278513737089035272057324643668607677682302892208099365234375/1413648658336838689425757250322558119141468666297262325417185766401503043287576967313439143755776,True,0.37119869167924313,55,0.3697,11091,56,30000,0.37517878785210274,0.36425457734781824,-0.5372952321202157
1,313119843606264301926053344163576361349265045995115651405929697601914062309331717222037671868698420619053704956499930323034173850662765737986672484408801585719796136592384409/846414978287404359325441419117950686115831126693279963600017397166190414922589311328900000000000000000000000000000000000000000000000000000000000000000000000000000000000000000,True,0.3699365578806463,89,0.3708,11124,90,30000,0.3762819910513628,0.3653510924776457,0.30976909790066076
1,1/2,False,0.5,1,0.5070666666666667,15212,2,30000,0.5127227633572579,0.501408760453849,2.447965141364013
1,4/9,True,0.4444444444444444,2,0.4414,13242,3,30000,0.44702608409119093,0.43578892128651725,-1.0611974368608186
1,27/64,True,0.421875,3,0.4265333333333333,12796,4,30000,0.432138908821975,0.4209465700474612,1.633760602732346
1,3125/7776,True,0.4018775720164609,5,0.4046,12138,6,30000,0.41016585862824173,0.39905856992181565,0.9617785762103921
1,16777216/43046721,True,0.38974434312894585,8,0.39443333333333336,11833,9,30000,0.39997689525605484,0.38891680328274025,1.6653063408459237
1,302875106592253/793714773254144,True,0.3815918725444634,13,0.3838,11514,14,30000,0.3893175614216683,0.378312193269282,0.7873133447278265
1,5842587018385982521381124421/15519448971100888972574851072,True,0.3764687154334921,21,0.37976666666666664,11393,22,30000,0.3852736407175722,0.3742904801000576,1.178993162866745
1,11756638905368616011414050501310355554617941909569536/31500214267261391312908183811814524233341217041015625,True,0.3732240931956915,34,0.37633333333333335,11290,35,30000,0.3818309779504285,0.3708673553552014,1.1134581798412992
1,524744532468751923546122657597368049278513737089035272057324643668607677682302892208099365234375/1413648658336838689425757250322558119141468666297262325417185766401503043287576967313439143755776,True,0.37119869167924313,55,0.3690333333333333,11071,56,30000,0.37451016504880735,0.3635900375274243,-0.7763015777044906
1,313119843606264301926053344163576361349265045995115651405929697601914062309331717222037671868698420619053704956499930323034173850662765737986672484408801585719796136592384409/846414978287404359325441419117950686115831126693279963600017397166190414922589311328900000000000000000000000000000000000000000000000000000000000000000000000000000000000000000,True,0.3699365578806463,89,0.36893333333333334,11068,90,30000,0.3744098706636663,0.363490357519012,-0.3599175394009371
1,1/2,True,0.5,1,0.4982,14946,2,30000,0.5038577602617297,0.49254270065430905,-0.623538290724804
1,4/9,True,0.4444444444444444,2,0.4416,13248,3,30000,0.4472263250555563,0.4359886291092587,-0.9914837366290928
1,27/64,True,0.421875,3,0.4233,12699,4,30000,0.42890043319980875,0.4177192069447342,0.4997729214082895
1,3125/7776,True,0.4018775720164609,5,0.40336666666666665,12101,6,30000,0.4089299528438478,0.39782812485238417,0.5260669303933564
1,16777216/43046721,True,0.38974434312894585,8,0.3878,11634,9,30000,0.39332766616193876,0.38230106427114746,-0.6905382183106322
1,302875106592253/793714773254144,True,0.3815918725444634,13,0.3844,11532,14,30000,0.3899191021608136,0.3789104988914571,1.0012448393307705
1,5842587018385982521381124421/15519448971100888972574851072,True,0.3764687154334921,21,0.38016666666666665,11405,22,30000,0.3856747086435521,0.37468930974829134,1.3219902030906416
1,11756638905368616011414050501310355554617941909569536/31500214267261391312908183811814524233341217041015625,True,0.3732240931956915,34,0.3714,11142,35,30000,0.3768837254472322,0.3659492044430967,-0.6532308215588513
1,524744532468751923546122657597368049278513737089035272057324643668607677682302892208099365234375/1413648658336838689425757250322558119141468666297262325417185766401503043287576967313439143755776,True,0.37119869167924313,55,0.37456666666666666,11237,56,30000,0.3800593965442837,0.3691060558085694,1.2074510906450446
1,313119843606264301926053344163576361349265045995115651405929697601914062309331717222037671868698420619053704956499930323034173850662765737986672484408801585719796136592384409/846414978287404359325441419117950686115831126693279963600017397166190414922589311328900000000000000000000000000000000000000000000000000000000000000000000000000000000000000000,False,0.3699365578806463,89,0.3757333333333333,11272,90,30000,0.38122931751053896,0.3702691694337705,2.079655210769138
1,1/2,True,0.5,1,0.4998666666666667,14996,2,30000,0.5055242499966649,0.49420911747859736,-0.04618802153516497
1,4/9,True,0.4444444444444444,2,0.4488666666666667,13466,3,30000,0.45450112114178604,0.4432453056212426,1.5414473717905695
1,27/64,True,0.421875,3,0.4215,12645,4,30000,0.42709746430023127,0.4159226367603504,-0.1315191898442908
1,3125/7776,True,0.4018775720164609,5,0.39953333333333335,11986,6,30000,0.405088391160798,0.39400400144922054,-0.828171968767655
1,16777216/43046721,True,0.38974434312894585,8,0.3915666666666667,11747,9,30000,0.39710349043599164,0.38605760882093937,0.6472026620144482
1,302875106592253/793714773254144,True,0.3815918725444634,13,0.37766666666666665,11330,14,30000,0.3831679691023049,0.3721966894507036,-1.3995419334354333
1,5842587018385982521381124421/15519448971100888972574851072,True,0.3764687154334921,21,0.3723666666666667,11171,22,30000,0.37785316743601166,0.3669128482586667,-1.4664520812752533
1,11756638905368616011414050501310355554617941909569536/31500214267261391312908183811814524233341217041015625,True,0.3732240931956915,34,0.371,11130,35,30000,0.3764825701868099,0.36555046212930536,-0.7964758757264349
1,524744532468751923546122657597368049278513737089035272057324643668607677682302892208099365234375/1413648658336838689425757250322558119141468666297262325417185766401503043287576967313439143755776,True,0.37119869167924313,55,0.37073333333333336,11122,56,30000,0.3762151311164669,0.36528463615017265,-0.16683539646456078
1,313119843606264301926053344163576361349265045995115651405929697601914062309331717222037671868698420619053704956499930323034173850662765737986672484408801585719796136592384409/846414978287404359325441419117950686115831126693279963600017397166190414922589311328900000000000000000000000000000000000000000000000000000000000000000000000000000000000000000,True,0.3699365578806463,89,0.3716333333333333,11149,90,30000,0.3771177308296602,0.36618180597895983,0.6087363466960013
1,1/2,True,0.5,1,0.5022333333333333,15067,2,30000,0.5078905574244214,0.4965755373649378,0.7736493607140902
1,4/9,True,0.4444444444444444,2,0.4417,13251,3,30000,0.44732644519125536,0.436088483367113,-0.9566268865132299
1,27/64,True,0.421875,3,0.42006666666666664,12602,4,30000,0.4256617124169214,0.41449208900272827,-0.6342147599157864
1,3125/7776,True,0.4018775720164609,5,0.40026666666666666,12008,6,30000,0.4058233259211777,0.3947355455748989,-0.5691001793629464
1,16777216/43046721,True,0.38974434312894585,8,0.3866,11598,9,30000,0.3921246759188728,0.3811043617915727,-1.1167211536354258
1,302875106592253/793714773254144,True,0.3815918725444634,13,0.3808,11424,14,30000,0.38630972476952935,0.37532079811481905,-0.2823441282867942
1,5842587018385982521381124421/15519448971100888972574851072,True,0.3764687154334921,21,0.37866666666666665,11360,22,30000,0.3841706835018363,0.3731937189867061,0.7857513022510442
1,11756638905368616011414050501310355554617941909569536/31500214267261391312908183811814524233341217041015625,True,0.3732240931956915,34,0.3747,11241,35,30000,0.38019310351477054,0.3692389813628204,0.5285408753236682
1,524744532468751923546122657597368049278513737089035272057324643668607677682302892208099365234375/1413648658336838689425757250322558119141468666297262325417185766401503043287576967313439143755776,True,0.37119869167924313,55,0.36893333333333334,11068,56,30000,0.3744098706636663,0.363490357519012,-0.8121525295421288
1,313119843606264301926053344163576361349265045995115651405929697601914062309331717222037671868698420619053704956499930323034173850662765737986672484408801585719796136592384409/846414978287404359325441419117950686115831126693279963600017397166190414922589311328900000000000000000000000000000000000000000000000000000000000000000000000000000000000000000,True,0.3699365578806463,89,0.3655333333333333,10966,90,30000,0.37099971148524863,0.36010138731661406,-1.5797039144859848
